timestamp_utc,run_id,mode,event,asset,product_id,side,base_size,quote_gbp,price_gbp,fee_gbp,order_id,details
2026-09-25T07:17:18Z,36106862731,LIVE,SIGNAL,BTC,BTC-GBP,,,,63434,,,7d_return_pct=9.0117 price_7d_ago=58190.09
2026-09-25T07:17:18Z,36106862731,LIVE,SIGNAL,ETH,ETH-GBP,,,,2021.97,,,7d_return_pct=8.5913 price_7d_ago=1862
2026-09-25T07:17:18Z,36106862731,LIVE,SIGNAL,LINK,LINK-GBP,,,,10.12725,,,7d_return_pct=14.4961 price_7d_ago=8.84506
2026-09-25T07:17:18Z,36106862731,LIVE,PORTFOLIO,LINK,,,,27.72,,,,computed_gbp=27.72 holding=LINK
2026-09-25T07:17:18Z,36106862731,LIVE,STATE,,,,,,,,,experiment activated (live); benchmark recorded
2026-09-25T07:17:18Z,36106862731,LIVE,DECISION,LINK,,,,,,,,hold LINK: already the target
2026-09-25T22:14:15Z,36195687838,LIVE,SIGNAL,BTC,BTC-GBP,,,,63372.19,,,7d_return_pct=4.6771 price_7d_ago=60540.64
2026-09-25T22:14:15Z,36195687838,LIVE,SIGNAL,ETH,ETH-GBP,,,,2027.66,,,7d_return_pct=3.7262 price_7d_ago=1954.82
2026-09-25T22:14:15Z,36195687838,LIVE,SIGNAL,LINK,LINK-GBP,,,,10.42217,,,7d_return_pct=13.4282 price_7d_ago=9.18834
2026-09-25T22:14:15Z,36195687838,LIVE,PORTFOLIO,LINK,,,,28.52,,,,computed_gbp=28.52 holding=LINK btc_hold_benchmark_gbp=27.69
2026-09-25T22:14:15Z,36195687838,LIVE,DECISION,LINK,,,,,,,,hold LINK: already the target
2026-09-26T21:56:40Z,36274623745,LIVE,SIGNAL,BTC,BTC-GBP,,,,63532.47,,,7d_return_pct=4.9144 price_7d_ago=60556.48
2026-09-26T21:56:40Z,36274623745,LIVE,SIGNAL,ETH,ETH-GBP,,,,2026.56,,,7d_return_pct=3.4234 price_7d_ago=1959.48
2026-09-26T21:56:40Z,36274623745,LIVE,SIGNAL,LINK,LINK-GBP,,,,10.60785,,,7d_return_pct=15.4510 price_7d_ago=9.18818
2026-09-26T21:56:40Z,36274623745,LIVE,PORTFOLIO,LINK,,,,29.03,,,,computed_gbp=29.03 holding=LINK btc_hold_benchmark_gbp=27.76
2026-09-26T21:56:40Z,36274623745,LIVE,DECISION,LINK,,,,,,,,hold LINK: already the target
